State,LineCode,Metric,2012,2013,2014,2015,2016,2017,2018,2019,2020,2021,2022
Alabama,1.0,Eq. 90/10 ratio,5.3,5.2,5.4,5.1,5.4,5.5,5.6,5.2,5.7,4.7,5.5
Alabama,2.0,Eq. 80/20 ratio,2.8,2.7,2.8,2.7,2.9,2.9,2.9,2.8,2.8,2.5,2.6
Alabama,3.0,Eq. 90/50 ratio,2.4,2.3,2.4,2.4,2.4,2.4,2.4,2.4,2.5,2.1,2.3
Alabama,4.0,Eq. 50/10 ratio,2.2,2.2,2.3,2.2,2.3,2.3,2.3,2.2,2.3,2.2,2.3
Alabama,5.0,Gini coefficient,0.41,0.41,0.42,0.41,0.43,0.43,0.43,0.41,0.4,0.4,0.4
Alabama,6.0,Top 10% share,33.4,34.1,34.1,33.8,34.0,34.9,35.0,33.7,34.0,34.3,36.0
Alabama,7.0,Bottom 10% share,1.9,1.9,1.8,1.9,1.7,1.7,1.6,1.7,1.7,1.8,1.7
Alabama,8.0,Median (nominal dollars),64022.0,64135.0,64948.0,68111.0,67914.0,69699.0,72620.0,76259.0,81243.0,87075.0,89191.0
Alabama,9.0,Median (constant 2017 dollars),74820.0,74176.0,74191.0,78034.0,76285.0,77359.0,81433.0,83408.0,88654.0,90751.0,87565.0
Alabama,10.0,Mean (nominal dollars),91706.0,90454.0,92224.0,95225.0,97040.0,100575.0,103470.0,107142.0,113969.0,121765.0,127789.0
Alabama,11.0,Mean (constant 2017 dollars),107173.0,104614.0,105348.0,109097.0,109001.0,111629.0,116027.0,117186.0,124364.0,126906.0,125460.0
Alaska,1.0,Eq. 90/10 ratio,5.4,5.5,5.4,5.6,5.2,5.1,5.1,5.2,5.1,4.6,4.5
Alaska,2.0,Eq. 80/20 ratio,3.0,3.0,2.9,3.0,2.9,2.9,3.0,3.1,3.1,2.8,2.7
Alaska,3.0,Eq. 90/50 ratio,2.3,2.3,2.3,2.3,2.3,2.3,2.3,2.4,2.2,2.1,2.3
Alaska,4.0,Eq. 50/10 ratio,2.4,2.4,2.4,2.4,2.3,2.2,2.2,2.2,2.3,2.2,1.9
Alaska,5.0,Gini coefficient,0.41,0.4,0.4,0.42,0.41,0.4,0.39,0.39,0.4,0.4,0.4
Alaska,6.0,Top 10% share,31.3,30.5,29.8,31.6,31.2,31.2,29.1,29.0,29.4,29.2,31.4
Alaska,7.0,Bottom 10% share,1.7,1.8,1.9,1.7,1.8,1.9,2.2,2.1,2.2,2.1,2.3
Alaska,8.0,Median (nominal dollars),110147.0,110055.0,118678.0,118153.0,119301.0,119483.0,126543.0,128291.0,129276.0,138811.0,136112.0
Alaska,9.0,Median (constant 2017 dollars),113566.0,112563.0,119319.0,117519.0,116631.0,113941.0,118606.0,120255.0,121918.0,121543.0,115008.0
Alaska,10.0,Mean (nominal dollars),143937.0,142340.0,153995.0,158010.0,158196.0,157656.0,161947.0,165900.0,170609.0,176967.0,188253.0
Alaska,11.0,Mean (constant 2017 dollars),148406.0,145584.0,154826.0,157162.0,154656.0,150344.0,151789.0,155508.0,160899.0,154953.0,159065.0
Arizona,1.0,Eq. 90/10 ratio,6.5,6.7,6.6,5.7,5.4,5.2,5.3,5.0,4.4,4.0,4.5
Arizona,2.0,Eq. 80/20 ratio,3.2,3.1,3.1,3.0,3.0,2.9,3.0,2.9,2.6,2.4,2.7
Arizona,3.0,Eq. 90/50 ratio,2.5,2.6,2.6,2.5,2.4,2.4,2.4,2.5,2.4,2.3,2.4
Arizona,4.0,Eq. 50/10 ratio,2.6,2.6,2.5,2.3,2.3,2.2,2.2,2.0,1.9,1.8,1.9
Arizona,5.0,Gini coefficient,0.45,0.44,0.44,0.44,0.43,0.42,0.42,0.41,0.4,0.4,0.4
Arizona,6.0,Top 10% share,33.5,33.4,33.7,33.8,34.1,33.4,32.8,32.7,31.8,33.5,32.8
Arizona,7.0,Bottom 10% share,1.3,1.3,1.4,1.6,1.8,1.9,1.8,2.0,2.5,2.6,2.6
Arizona,8.0,Median (nominal dollars),66365.0,66408.0,68347.0,73216.0,75708.0,80711.0,83202.0,88315.0,89743.0,96395.0,106175.0
Arizona,9.0,Median (constant 2017 dollars),71603.0,70450.0,71858.0,76885.0,78132.0,82465.0,83757.0,87274.0,86450.0,91533.0,91591.0
Arizona,10.0,Mean (nominal dollars),91706.0,92827.0,96377.0,102228.0,105803.0,111051.0,114575.0,121325.0,122755.0,136515.0,152234.0
Arizona,11.0,Mean (constant 2017 dollars),98944.0,98477.0,101328.0,107350.0,109191.0,113465.0,115340.0,119895.0,118251.0,129629.0,131323.0
Arkansas,1.0,Eq. 90/10 ratio,5.6,5.6,5.2,4.9,5.0,5.0,4.9,5.0,4.8,4.4,4.9
Arkansas,2.0,Eq. 80/20 ratio,2.9,2.9,2.8,2.7,2.7,2.6,2.7,2.7,2.5,2.6,2.6
Arkansas,3.0,Eq. 90/50 ratio,2.4,2.5,2.4,2.4,2.4,2.4,2.4,2.4,2.3,2.3,2.3
Arkansas,4.0,Eq. 50/10 ratio,2.3,2.3,2.2,2.1,2.0,2.1,2.1,2.1,2.0,1.9,2.1
Arkansas,5.0,Gini coefficient,0.44,0.44,0.44,0.44,0.44,0.44,0.44,0.42,0.4,0.4,0.4
Arkansas,6.0,Top 10% share,35.9,35.4,37.1,36.4,37.4,38.2,37.9,35.2,36.2,39.1,36.9
Arkansas,7.0,Bottom 10% share,1.7,1.7,1.9,1.9,1.9,1.8,1.8,1.9,2.0,2.1,1.9
Arkansas,8.0,Median (nominal dollars),63426.0,62510.0,64836.0,66088.0,67620.0,68902.0,72442.0,77221.0,76321.0,81420.0,86502.0
Arkansas,9.0,Median (constant 2017 dollars),75087.0,72965.0,74710.0,76334.0,77066.0,77761.0,81450.0,85033.0,82672.0,83997.0,86081.0
Arkansas,10.0,Mean (nominal dollars),91773.0,89434.0,94493.0,96566.0,100004.0,103458.0,108199.0,109801.0,112407.0,124409.0,128149.0
Arkansas,11.0,Mean (constant 2017 dollars),108646.0,104392.0,108883.0,111537.0,113974.0,116761.0,121653.0,120910.0,121762.0,128346.0,127525.0
California,1.0,Eq. 90/10 ratio,6.8,6.7,6.5,6.3,6.4,6.5,6.5,6.4,5.7,5.5,6.0
California,2.0,Eq. 80/20 ratio,3.5,3.4,3.4,3.3,3.3,3.3,3.3,3.3,2.9,3.0,3.1
California,3.0,Eq. 90/50 ratio,2.8,2.8,2.8,2.8,2.8,2.8,2.8,2.8,2.6,2.6,2.7
California,4.0,Eq. 50/10 ratio,2.4,2.4,2.3,2.3,2.3,2.4,2.4,2.3,2.2,2.1,2.2
California,5.0,Gini coefficient,0.48,0.48,0.47,0.47,0.47,0.47,0.47,0.47,0.4,0.5,0.5
California,6.0,Top 10% share,37.6,37.1,37.2,37.4,37.3,37.4,37.2,36.7,35.3,36.6,39.3
California,7.0,Bottom 10% share,1.5,1.5,1.6,1.6,1.6,1.6,1.6,1.7,1.8,1.6,1.6
California,8.0,Median (nominal dollars),88845.0,90200.0,95358.0,101658.0,104756.0,108304.0,113844.0,120319.0,135642.0,143790.0,137883.0
California,9.0,Median (constant 2017 dollars),85711.0,85895.0,89351.0,94428.0,97014.0,97637.0,99632.0,104639.0,115873.0,117902.0,105647.0
California,10.0,Mean (nominal dollars),136567.0,137229.0,144349.0,153335.0,158160.0,164322.0,172145.0,180447.0,196628.0,211891.0,212623.0
California,11.0,Mean (constant 2017 dollars),131750.0,130679.0,135256.0,142431.0,146470.0,148138.0,150656.0,156931.0,167971.0,173743.0,162914.0
Colorado,1.0,Eq. 90/10 ratio,6.4,6.2,6.2,5.6,5.5,5.4,5.5,5.7,5.8,4.8,5.8
Colorado,2.0,Eq. 80/20 ratio,3.3,3.3,3.3,3.1,3.1,3.0,3.0,3.2,3.1,2.7,2.8
Colorado,3.0,Eq. 90/50 ratio,2.5,2.6,2.6,2.5,2.4,2.4,2.5,2.5,2.6,2.3,2.5
Colorado,4.0,Eq. 50/10 ratio,2.5,2.4,2.4,2.3,2.3,2.3,2.2,2.3,2.2,2.1,2.2
Colorado,5.0,Gini coefficient,0.44,0.45,0.45,0.44,0.42,0.43,0.42,0.43,0.4,0.5,0.5
Colorado,6.0,Top 10% share,34.7,35.7,36.0,35.1,33.6,34.5,34.6,35.2,33.1,37.9,38.7
Colorado,7.0,Bottom 10% share,1.5,1.6,1.6,1.8,1.8,2.0,2.0,1.9,2.0,2.1,1.6
Colorado,8.0,Median (nominal dollars),80069.0,80189.0,83335.0,87921.0,90722.0,95678.0,98614.0,103066.0,113703.0,119574.0,125212.0
Colorado,9.0,Median (constant 2017 dollars),82110.0,81190.0,83245.0,87658.0,89869.0,92930.0,96356.0,97150.0,104674.0,106632.0,105482.0
Colorado,10.0,Mean (nominal dollars),117629.0,121158.0,126522.0,128154.0,126789.0,134744.0,141931.0,150246.0,160416.0,175306.0,187226.0
Colorado,11.0,Mean (constant 2017 dollars),120628.0,122671.0,126386.0,127770.0,125595.0,130874.0,138682.0,141622.0,147677.0,156332.0,157725.0
Connecticut,1.0,Eq. 90/10 ratio,5.5,5.4,5.3,5.3,5.5,5.8,5.9,6.0,6.4,5.4,6.0
Connecticut,2.0,Eq. 80/20 ratio,3.0,3.0,3.0,3.0,3.0,3.1,3.1,3.3,3.3,3.1,3.0
Connecticut,3.0,Eq. 90/50 ratio,2.5,2.5,2.5,2.5,2.5,2.6,2.7,2.6,2.8,2.7,2.6
Connecticut,4.0,Eq. 50/10 ratio,2.2,2.2,2.2,2.1,2.2,2.2,2.2,2.3,2.3,2.0,2.2
Connecticut,5.0,Gini coefficient,0.47,0.46,0.46,0.46,0.46,0.47,0.49,0.48,0.5,0.5,0.5
Connecticut,6.0,Top 10% share,40.8,39.3,39.4,38.4,38.9,40.0,41.0,39.9,37.5,38.9,40.2
Connecticut,7.0,Bottom 10% share,1.7,1.7,1.8,2.0,1.9,1.8,1.8,1.7,1.7,1.9,1.7
Connecticut,8.0,Median (nominal dollars),105388.0,103123.0,104802.0,109897.0,111506.0,110703.0,112609.0,115785.0,126809.0,122251.0,132610.0
Connecticut,9.0,Median (constant 2017 dollars),103663.0,99966.0,100840.0,104959.0,105516.0,103287.0,106048.0,107681.0,115291.0,109153.0,107391.0
Connecticut,10.0,Mean (nominal dollars),167114.0,161936.0,167516.0,170310.0,171711.0,173440.0,181259.0,187238.0,194225.0,193255.0,209900.0
Connecticut,11.0,Mean (constant 2017 dollars),164379.0,156979.0,161183.0,162657.0,162489.0,161821.0,170698.0,174132.0,176584.0,172549.0,169983.0
Delaware,1.0,Eq. 90/10 ratio,4.9,4.9,4.8,4.6,4.7,4.3,4.5,4.4,3.9,4.3,4.2
Delaware,2.0,Eq. 80/20 ratio,2.8,2.8,2.8,2.6,2.6,2.6,2.6,2.6,2.5,2.6,2.6
Delaware,3.0,Eq. 90/50 ratio,2.3,2.3,2.3,2.3,2.3,2.2,2.3,2.4,2.0,2.3,2.4
Delaware,4.0,Eq. 50/10 ratio,2.2,2.1,2.1,2.1,2.1,2.0,1.9,1.9,1.9,1.9,1.8
Delaware,5.0,Gini coefficient,0.39,0.39,0.39,0.39,0.39,0.39,0.4,0.39,0.4,0.4,0.4
Delaware,6.0,Top 10% share,30.1,31.4,31.7,32.3,31.7,32.7,33.7,33.0,30.8,31.5,30.0
Delaware,7.0,Bottom 10% share,2.3,2.3,2.2,2.3,2.2,2.2,2.3,2.6,3.0,2.5,2.8
Delaware,8.0,Median (nominal dollars),86607.0,84054.0,85170.0,86106.0,84849.0,87094.0,91873.0,98960.0,107354.0,110960.0,115654.0
Delaware,9.0,Median (constant 2017 dollars),92047.0,89012.0,87955.0,90353.0,87646.0,88363.0,90701.0,96696.0,106019.0,104441.0,101743.0
Delaware,10.0,Mean (nominal dollars),115662.0,115195.0,117303.0,118875.0,118377.0,122830.0,132634.0,139501.0,140341.0,150361.0,157963.0
Delaware,11.0,Mean (constant 2017 dollars),122927.0,121988.0,121138.0,124737.0,122279.0,124620.0,130942.0,136310.0,138596.0,141527.0,138963.0
District of Columbia,1.0,Eq. 90/10 ratio,8.0,7.5,8.3,8.6,8.3,8.0,7.9,7.6,6.2,5.9,6.8
District of Columbia,2.0,Eq. 80/20 ratio,4.0,3.9,4.0,4.1,4.0,4.0,3.9,3.9,3.4,3.3,3.4
District of Columbia,3.0,Eq. 90/50 ratio,3.0,2.8,2.9,2.8,2.8,2.7,2.7,2.6,2.5,2.5,2.4
District of Columbia,4.0,Eq. 50/10 ratio,2.7,2.6,2.9,3.0,3.0,3.0,2.9,2.9,2.4,2.4,2.8
District of Columbia,5.0,Gini coefficient,0.5,0.49,0.49,0.5,0.5,0.5,0.49,0.47,0.4,0.5,0.5
District of Columbia,6.0,Top 10% share,39.7,39.1,38.9,40.0,40.6,40.1,38.7,36.6,34.1,37.9,37.9
District of Columbia,7.0,Bottom 10% share,1.3,1.3,1.3,1.3,1.3,1.3,1.3,1.4,1.8,1.5,1.5
District of Columbia,8.0,Median (nominal dollars),86951.0,87685.0,92881.0,97084.0,99852.0,105496.0,113489.0,118531.0,117422.0,126810.0,133790.0
District of Columbia,9.0,Median (constant 2017 dollars),82347.0,80598.0,83676.0,87999.0,90327.0,95830.0,99734.0,104816.0,101195.0,104192.0,102168.0
District of Columbia,10.0,Mean (nominal dollars),142721.0,141358.0,148577.0,157890.0,163812.0,168972.0,175414.0,176260.0,173696.0,204845.0,202198.0
District of Columbia,11.0,Mean (constant 2017 dollars),135165.0,129933.0,133852.0,143115.0,148186.0,153489.0,154153.0,155865.0,149693.0,168308.0,154407.0
Florida,1.0,Eq. 90/10 ratio,5.8,5.5,5.5,5.6,5.5,5.3,5.4,5.6,5.1,4.7,5.3
Florida,2.0,Eq. 80/20 ratio,2.9,2.9,2.9,2.9,2.8,2.8,2.8,2.9,2.6,2.6,2.7
Florida,3.0,Eq. 90/50 ratio,2.5,2.4,2.4,2.5,2.5,2.5,2.5,2.6,2.5,2.4,2.4
Florida,4.0,Eq. 50/10 ratio,2.3,2.3,2.3,2.3,2.2,2.1,2.1,2.2,2.1,1.9,2.2
Florida,5.0,Gini coefficient,0.46,0.44,0.45,0.46,0.46,0.47,0.47,0.47,0.5,0.5,0.5
Florida,6.0,Top 10% share,37.8,36.7,37.7,38.5,38.4,39.4,40.0,40.1,38.4,38.5,41.8
Florida,7.0,Bottom 10% share,1.7,1.7,1.7,1.7,1.7,1.7,1.7,1.6,1.8,2.0,1.4
Florida,8.0,Median (nominal dollars),66893.0,67754.0,70629.0,73301.0,73623.0,77015.0,79934.0,83320.0,87613.0,100068.0,98907.0
Florida,9.0,Median (constant 2017 dollars),70028.0,70235.0,72105.0,74401.0,74127.0,76350.0,78084.0,80733.0,83249.0,90529.0,83444.0
Florida,10.0,Mean (nominal dollars),101011.0,99709.0,106166.0,111913.0,113411.0,119394.0,124132.0,130087.0,133557.0,152740.0,156403.0
Florida,11.0,Mean (constant 2017 dollars),105745.0,103359.0,108385.0,113593.0,114186.0,118363.0,121260.0,126049.0,126905.0,138180.0,131951.0
Georgia,1.0,Eq. 90/10 ratio,7.0,6.9,6.5,6.6,6.2,6.2,6.1,6.3,5.5,5.3,5.5
Georgia,2.0,Eq. 80/20 ratio,3.3,3.2,3.2,3.2,3.2,3.2,3.1,3.2,2.9,2.8,3.0
Georgia,3.0,Eq. 90/50 ratio,2.6,2.6,2.6,2.6,2.5,2.5,2.6,2.6,2.5,2.4,2.4
Georgia,4.0,Eq. 50/10 ratio,2.6,2.6,2.5,2.5,2.5,2.5,2.4,2.4,2.2,2.2,2.3
Georgia,5.0,Gini coefficient,0.45,0.44,0.44,0.44,0.44,0.45,0.46,0.46,0.4,0.4,0.4
Georgia,6.0,Top 10% share,34.1,33.3,34.3,34.9,34.8,35.9,36.4,37.4,35.4,32.9,34.9
Georgia,7.0,Bottom 10% share,1.4,1.5,1.6,1.5,1.5,1.5,1.4,1.4,2.0,1.8,1.6
Georgia,8.0,Median (nominal dollars),67711.0,69032.0,70663.0,72946.0,75936.0,80748.0,82054.0,83749.0,89464.0,104774.0,103757.0
Georgia,9.0,Median (constant 2017 dollars),75204.0,76037.0,76665.0,79194.0,81386.0,84737.0,84802.0,85721.0,90487.0,100391.0,93301.0
Georgia,10.0,Mean (nominal dollars),97280.0,97543.0,102683.0,106974.0,110894.0,117463.0,121931.0,127084.0,131187.0,143613.0,147068.0
Georgia,11.0,Mean (constant 2017 dollars),108044.0,107440.0,111405.0,116137.0,118854.0,123266.0,126014.0,130075.0,132687.0,137605.0,132248.0
Hawaii,1.0,Eq. 90/10 ratio,5.9,5.9,5.6,5.4,5.3,5.5,5.4,5.3,4.9,4.4,4.9
Hawaii,2.0,Eq. 80/20 ratio,3.2,3.2,3.1,3.0,3.0,3.1,3.1,3.0,2.8,2.7,2.8
Hawaii,3.0,Eq. 90/50 ratio,2.5,2.5,2.4,2.4,2.4,2.5,2.4,2.3,2.1,2.1,2.2
Hawaii,4.0,Eq. 50/10 ratio,2.4,2.4,2.3,2.2,2.2,2.2,2.3,2.3,2.3,2.1,2.2
Hawaii,5.0,Gini coefficient,0.42,0.42,0.41,0.41,0.41,0.42,0.42,0.41,0.4,0.4,0.4
Hawaii,6.0,Top 10% share,32.0,31.8,31.0,30.9,31.1,32.2,32.0,31.4,29.7,31.1,30.2
Hawaii,7.0,Bottom 10% share,1.7,1.6,1.7,1.8,1.9,1.7,1.8,1.9,2.0,2.1,2.1
Hawaii,8.0,Median (nominal dollars),97727.0,97158.0,104245.0,108532.0,113302.0,109739.0,112972.0,119566.0,128217.0,131811.0,127997.0
Hawaii,9.0,Median (constant 2017 dollars),95392.0,90329.0,97055.0,100027.0,104914.0,99359.0,99888.0,103377.0,108288.0,107467.0,99515.0
Hawaii,10.0,Mean (nominal dollars),134326.0,133796.0,140395.0,147162.0,150822.0,152826.0,154742.0,162352.0,170193.0,181126.0,179304.0
Hawaii,11.0,Mean (constant 2017 dollars),131118.0,124392.0,130711.0,135629.0,139656.0,138371.0,136820.0,140370.0,143739.0,147673.0,139405.0
Idaho,1.0,Eq. 90/10 ratio,5.3,5.1,4.8,4.8,4.8,4.9,5.0,5.0,4.4,4.3,4.9
Idaho,2.0,Eq. 80/20 ratio,3.0,2.9,2.8,2.6,2.6,2.7,2.7,2.7,2.5,2.5,2.6
Idaho,3.0,Eq. 90/50 ratio,2.5,2.5,2.3,2.3,2.3,2.4,2.4,2.5,2.3,2.2,2.4
Idaho,4.0,Eq. 50/10 ratio,2.1,2.1,2.1,2.1,2.1,2.1,2.1,2.0,1.9,1.9,2.0
Idaho,5.0,Gini coefficient,0.43,0.42,0.43,0.45,0.44,0.44,0.43,0.44,0.4,0.4,0.4
Idaho,6.0,Top 10% share,34.8,35.1,36.5,37.6,37.3,36.6,36.1,36.5,35.1,34.1,36.7
Idaho,7.0,Bottom 10% share,2.1,2.1,1.9,1.9,1.9,2.0,1.9,2.0,2.1,2.3,2.1
Idaho,8.0,Median (nominal dollars),65422.0,68465.0,71120.0,72249.0,72979.0,74665.0,79046.0,83232.0,91599.0,101819.0,99642.0
Idaho,9.0,Median (constant 2017 dollars),74022.0,76304.0,78150.0,78736.0,79844.0,78974.0,84469.0,86991.0,96191.0,101970.0,93509.0
Idaho,10.0,Mean (nominal dollars),94809.0,97734.0,101666.0,105540.0,106669.0,110002.0,115514.0,121320.0,128266.0,140679.0,144896.0
Idaho,11.0,Mean (constant 2017 dollars),107273.0,108923.0,111716.0,115016.0,116703.0,116350.0,123439.0,126799.0,134695.0,140887.0,135977.0
Illinois,1.0,Eq. 90/10 ratio,6.0,6.0,5.9,5.7,5.6,5.5,5.6,5.6,4.9,4.6,5.3
Illinois,2.0,Eq. 80/20 ratio,3.1,3.0,3.0,3.0,3.0,3.0,3.1,3.1,2.9,2.6,2.9
Illinois,3.0,Eq. 90/50 ratio,2.6,2.6,2.6,2.5,2.6,2.6,2.6,2.6,2.4,2.3,2.5
Illinois,4.0,Eq. 50/10 ratio,2.3,2.3,2.3,2.3,2.2,2.2,2.2,2.2,2.0,2.1,2.1
Illinois,5.0,Gini coefficient,0.46,0.46,0.46,0.45,0.45,0.45,0.45,0.44,0.4,0.4,0.4
Illinois,6.0,Top 10% share,38.2,37.3,37.5,36.6,36.5,36.5,36.6,36.0,34.9,36.1,38.2
Illinois,7.0,Bottom 10% share,1.6,1.7,1.6,1.6,1.7,1.8,1.7,1.7,2.0,1.9,1.8
Illinois,8.0,Median (nominal dollars),77872.0,79984.0,81910.0,86748.0,86159.0,89820.0,94637.0,98612.0,107393.0,118866.0,108112.0
Illinois,9.0,Median (constant 2017 dollars),81574.0,83310.0,84604.0,90118.0,88072.0,89569.0,92440.0,95854.0,102341.0,107692.0,92009.0
Illinois,10.0,Mean (nominal dollars),117337.0,119824.0,123426.0,128817.0,130069.0,135160.0,143886.0,147795.0,158193.0,170413.0,168216.0
Illinois,11.0,Mean (constant 2017 dollars),122914.0,124806.0,127485.0,133822.0,132957.0,134782.0,140545.0,143662.0,150751.0,154393.0,143162.0
Indiana,1.0,Eq. 90/10 ratio,5.3,5.3,5.1,5.0,5.1,4.7,4.7,4.6,4.2,3.8,4.3
Indiana,2.0,Eq. 80/20 ratio,2.9,2.9,2.8,2.8,2.8,2.7,2.7,2.6,2.4,2.5,2.5
Indiana,3.0,Eq. 90/50 ratio,2.4,2.3,2.3,2.3,2.5,2.3,2.2,2.3,2.2,2.1,2.3
Indiana,4.0,Eq. 50/10 ratio,2.2,2.3,2.2,2.1,2.1,2.1,2.1,2.1,1.9,1.8,1.9
Indiana,5.0,Gini coefficient,0.43,0.43,0.4,0.4,0.41,0.4,0.4,0.4,0.4,0.4,0.4
Indiana,6.0,Top 10% share,35.1,34.7,33.4,33.5,33.3,33.2,33.1,33.4,35.2,31.9,37.9
Indiana,7.0,Bottom 10% share,1.9,1.9,2.0,1.9,1.9,2.0,2.1,2.2,2.2,2.5,1.9
Indiana,8.0,Median (nominal dollars),70550.0,70962.0,75466.0,77135.0,78029.0,80641.0,83511.0,85740.0,92022.0,107919.0,98529.0
Indiana,9.0,Median (constant 2017 dollars),80433.0,79729.0,83826.0,86657.0,86838.0,88729.0,88244.0,89266.0,95848.0,107039.0,92474.0
Indiana,10.0,Mean (nominal dollars),101102.0,101569.0,104829.0,107090.0,108921.0,111709.0,116854.0,120896.0,129216.0,142566.0,144610.0
Indiana,11.0,Mean (constant 2017 dollars),115264.0,114117.0,116441.0,120310.0,121219.0,122914.0,123477.0,125868.0,134589.0,141403.0,135724.0
Iowa,1.0,Eq. 90/10 ratio,4.8,4.8,4.8,4.7,4.7,4.9,4.3,4.3,4.4,4.3,4.4
Iowa,2.0,Eq. 80/20 ratio,2.6,2.7,2.7,2.6,2.7,2.7,2.5,2.6,2.5,2.5,2.6
Iowa,3.0,Eq. 90/50 ratio,2.3,2.3,2.3,2.3,2.4,2.3,2.1,2.2,2.0,2.2,2.3
Iowa,4.0,Eq. 50/10 ratio,2.1,2.1,2.1,2.0,2.0,2.1,2.0,2.0,2.1,1.9,1.9
Iowa,5.0,Gini coefficient,0.4,0.41,0.4,0.41,0.4,0.4,0.38,0.37,0.4,0.4,0.4
Iowa,6.0,Top 10% share,32.5,33.5,32.6,33.5,32.1,32.4,31.8,30.8,30.7,33.0,37.2
Iowa,7.0,Bottom 10% share,2.1,2.0,2.0,2.0,2.1,2.0,2.3,2.3,2.1,2.4,2.3
Iowa,8.0,Median (nominal dollars),77297.0,76786.0,81484.0,81543.0,82847.0,85124.0,91010.0,95201.0,97717.0,104373.0,100025.0
Iowa,9.0,Median (constant 2017 dollars),90008.0,88155.0,92126.0,93501.0,94120.0,95370.0,97107.0,100105.0,102888.0,106657.0,97483.0
Iowa,10.0,Mean (nominal dollars),106065.0,105987.0,108852.0,111174.0,111565.0,114167.0,120299.0,123360.0,126742.0,138747.0,143599.0
Iowa,11.0,Mean (constant 2017 dollars),123507.0,121680.0,123069.0,127477.0,126746.0,127909.0,128359.0,129715.0,133449.0,141782.0,139949.0
Kansas,1.0,Eq. 90/10 ratio,6.1,6.2,5.7,5.7,5.7,5.7,5.4,5.4,4.8,4.5,5.7
Kansas,2.0,Eq. 80/20 ratio,3.2,3.2,3.2,3.1,2.9,3.0,3.0,2.9,2.6,2.6,2.8
Kansas,3.0,Eq. 90/50 ratio,2.6,2.5,2.4,2.4,2.5,2.5,2.5,2.4,2.4,2.3,2.5
Kansas,4.0,Eq. 50/10 ratio,2.4,2.4,2.4,2.4,2.2,2.3,2.2,2.2,2.1,2.0,2.2
Kansas,5.0,Gini coefficient,0.48,0.47,0.46,0.45,0.45,0.45,0.45,0.44,0.4,0.4,0.5
Kansas,6.0,Top 10% share,38.4,38.2,37.1,36.1,35.8,35.9,35.7,35.7,33.6,33.8,42.0
Kansas,7.0,Bottom 10% share,1.6,1.5,1.7,1.7,1.8,1.7,1.8,1.9,2.2,2.0,1.7
Kansas,8.0,Median (nominal dollars),73329.0,75011.0,78569.0,82131.0,81625.0,83087.0,86278.0,93821.0,102748.0,103358.0,94174.0
Kansas,9.0,Median (constant 2017 dollars),83128.0,84547.0,86810.0,90889.0,90143.0,90743.0,91394.0,97655.0,106332.0,103882.0,90212.0
Kansas,10.0,Mean (nominal dollars),112950.0,115071.0,117415.0,119165.0,119810.0,123309.0,128158.0,134630.0,142156.0,144558.0,148619.0
Kansas,11.0,Mean (constant 2017 dollars),128042.0,129700.0,129732.0,131871.0,132313.0,134671.0,135758.0,140132.0,147113.0,145290.0,142366.0
Kentucky,1.0,Eq. 90/10 ratio,5.3,5.3,5.1,5.4,5.2,5.0,4.7,4.9,4.3,4.0,4.2
Kentucky,2.0,Eq. 80/20 ratio,2.8,2.8,2.7,2.8,2.8,2.7,2.6,2.7,2.4,2.4,2.7
Kentucky,3.0,Eq. 90/50 ratio,2.3,2.3,2.4,2.5,2.4,2.4,2.4,2.4,2.3,2.1,2.3
Kentucky,4.0,Eq. 50/10 ratio,2.3,2.3,2.2,2.2,2.1,2.0,2.0,2.0,1.9,1.9,1.9
Kentucky,5.0,Gini coefficient,0.39,0.39,0.39,0.4,0.4,0.39,0.4,0.42,0.4,0.4,0.4
Kentucky,6.0,Top 10% share,31.0,30.8,31.2,31.3,32.3,31.6,32.8,34.4,31.2,31.9,33.3
Kentucky,7.0,Bottom 10% share,1.9,1.9,1.9,1.9,2.0,2.1,2.2,2.1,2.5,2.4,2.2
Kentucky,8.0,Median (nominal dollars),64825.0,64868.0,67156.0,68808.0,68951.0,72809.0,74287.0,74706.0,85695.0,94625.0,86619.0
Kentucky,9.0,Median (constant 2017 dollars),75649.0,74550.0,75965.0,77971.0,77392.0,80871.0,81726.0,80538.0,91924.0,97291.0,83537.0
Kentucky,10.0,Mean (nominal dollars),87492.0,87285.0,90371.0,93164.0,95118.0,98363.0,102938.0,107399.0,114826.0,127831.0,122849.0
Kentucky,11.0,Mean (constant 2017 dollars),102101.0,100314.0,102225.0,105569.0,106762.0,109255.0,113246.0,115784.0,123172.0,131432.0,118477.0
Louisiana,1.0,Eq. 90/10 ratio,6.4,6.1,6.6,6.0,5.7,5.4,5.7,5.9,4.6,4.0,4.6
Louisiana,2.0,Eq. 80/20 ratio,3.2,3.0,3.2,2.9,2.9,2.9,3.0,2.9,2.6,2.4,2.5
Louisiana,3.0,Eq. 90/50 ratio,2.7,2.7,2.6,2.5,2.4,2.4,2.5,2.5,2.3,2.1,2.3
Louisiana,4.0,Eq. 50/10 ratio,2.4,2.3,2.5,2.4,2.4,2.2,2.3,2.3,2.0,1.9,2.0
Louisiana,5.0,Gini coefficient,0.44,0.45,0.47,0.45,0.44,0.44,0.44,0.44,0.4,0.4,0.4
Louisiana,6.0,Top 10% share,36.0,36.7,38.0,36.8,35.8,36.6,36.4,36.1,35.3,35.6,35.5
Louisiana,7.0,Bottom 10% share,1.6,1.7,1.4,1.5,1.7,1.7,1.7,1.7,2.0,2.2,1.9
Louisiana,8.0,Median (nominal dollars),70653.0,69481.0,71266.0,72283.0,73210.0,74340.0,76367.0,78769.0,88016.0,97101.0,93581.0
Louisiana,9.0,Median (constant 2017 dollars),80469.0,78096.0,78586.0,80045.0,79598.0,80461.0,82445.0,83494.0,92247.0,97470.0,89042.0
Louisiana,10.0,Mean (nominal dollars),107051.0,106692.0,110642.0,108567.0,106795.0,109573.0,113257.0,116175.0,126493.0,137979.0,136056.0
Louisiana,11.0,Mean (constant 2017 dollars),121924.0,119921.0,122007.0,120225.0,116113.0,118595.0,122272.0,123144.0,132574.0,138503.0,129457.0
Maine,1.0,Eq. 90/10 ratio,4.3,4.1,4.2,4.4,4.3,4.5,4.6,4.8,4.0,3.8,4.1
Maine,2.0,Eq. 80/20 ratio,2.4,2.5,2.5,2.5,2.6,2.6,2.7,2.7,2.2,2.5,2.4
Maine,3.0,Eq. 90/50 ratio,2.2,2.1,2.1,2.2,2.2,2.3,2.2,2.2,2.2,2.1,2.1
Maine,4.0,Eq. 50/10 ratio,2.0,1.9,2.0,2.0,1.9,2.0,2.1,2.2,1.8,1.8,1.9
Maine,5.0,Gini coefficient,0.37,0.35,0.36,0.36,0.37,0.37,0.37,0.37,0.4,0.3,0.4
Maine,6.0,Top 10% share,30.1,29.6,29.6,30.1,30.6,30.4,29.8,29.0,29.8,28.1,30.4
Maine,7.0,Bottom 10% share,2.3,2.5,2.4,2.3,2.4,2.3,2.2,2.0,2.7,2.8,2.5
Maine,8.0,Median (nominal dollars),72027.0,71961.0,73789.0,74941.0,75115.0,77477.0,82532.0,90302.0,94559.0,109651.0,105950.0
Maine,9.0,Median (constant 2017 dollars),78539.0,76358.0,82019.0,80244.0,78533.0,79375.0,82796.0,91275.0,92308.0,103427.0,90543.0
Maine,10.0,Mean (nominal dollars),94595.0,93249.0,95900.0,97984.0,100491.0,104279.0,110817.0,116763.0,122382.0,140598.0,141862.0
Maine,11.0,Mean (constant 2017 dollars),103147.0,98947.0,106597.0,104917.0,105064.0,106835.0,111171.0,118021.0,119469.0,132617.0,121233.0
Maryland,1.0,Eq. 90/10 ratio,5.3,5.4,5.4,5.4,5.3,5.4,5.3,5.1,5.0,4.2,5.1
Maryland,2.0,Eq. 80/20 ratio,3.1,3.0,3.1,3.1,3.1,3.1,3.1,3.0,3.0,2.6,3.0
Maryland,3.0,Eq. 90/50 ratio,2.3,2.4,2.4,2.4,2.4,2.5,2.4,2.3,2.3,2.1,2.3
Maryland,4.0,Eq. 50/10 ratio,2.3,2.3,2.2,2.2,2.2,2.2,2.2,2.2,2.1,1.9,2.2
Maryland,5.0,Gini coefficient,0.42,0.41,0.41,0.41,0.41,0.41,0.4,0.4,0.4,0.4,0.4
Maryland,6.0,Top 10% share,32.9,32.6,32.5,32.9,33.0,32.7,31.4,30.9,31.5,29.7,30.8
Maryland,7.0,Bottom 10% share,1.9,1.9,1.9,1.9,2.0,2.0,2.1,2.2,2.0,2.4,2.0
Maryland,8.0,Median (nominal dollars),103083.0,100971.0,104573.0,104503.0,107423.0,107233.0,113794.0,120387.0,124828.0,148843.0,142758.0
Maryland,9.0,Median (constant 2017 dollars),101521.0,97122.0,99781.0,99499.0,101898.0,100459.0,104849.0,110661.0,112128.0,128616.0,117211.0
Maryland,10.0,Mean (nominal dollars),141012.0,138290.0,141716.0,147560.0,151702.0,154030.0,157061.0,161586.0,173618.0,191719.0,189050.0
Maryland,11.0,Mean (constant 2017 dollars),138874.0,133019.0,135223.0,140494.0,143900.0,144300.0,144714.0,148532.0,155955.0,165665.0,155218.0
Massachusetts,1.0,Eq. 90/10 ratio,5.4,5.4,5.8,5.9,5.8,5.7,5.6,5.7,5.2,5.2,5.6
Massachusetts,2.0,Eq. 80/20 ratio,3.1,3.1,3.2,3.2,3.1,3.0,3.0,3.2,3.0,3.0,3.1
Massachusetts,3.0,Eq. 90/50 ratio,2.5,2.4,2.4,2.4,2.5,2.5,2.5,2.5,2.4,2.5,2.6
Massachusetts,4.0,Eq. 50/10 ratio,2.2,2.2,2.4,2.4,2.4,2.3,2.2,2.3,2.1,2.1,2.2
Massachusetts,5.0,Gini coefficient,0.44,0.44,0.45,0.44,0.44,0.44,0.44,0.44,0.4,0.5,0.5
Massachusetts,6.0,Top 10% share,35.5,35.5,36.0,36.7,36.7,36.8,36.3,36.1,35.1,37.0,38.7
Massachusetts,7.0,Bottom 10% share,1.9,1.7,1.6,1.6,1.6,1.7,1.7,1.7,1.8,1.9,1.6
Massachusetts,8.0,Median (nominal dollars),98901.0,100098.0,102052.0,105802.0,107839.0,110666.0,117671.0,125827.0,131352.0,137890.0,139123.0
Massachusetts,9.0,Median (constant 2017 dollars),100168.0,101153.0,100518.0,103612.0,101420.0,103177.0,107501.0,113593.0,115154.0,118641.0,109596.0
Massachusetts,10.0,Mean (nominal dollars),146098.0,147404.0,151186.0,158787.0,161718.0,166539.0,174324.0,183892.0,191971.0,207620.0,214704.0
Massachusetts,11.0,Mean (constant 2017 dollars),147970.0,148958.0,148913.0,155500.0,152092.0,155270.0,159259.0,166012.0,168297.0,178638.0,169136.0
Michigan,1.0,Eq. 90/10 ratio,5.1,5.2,5.0,4.7,4.5,4.7,4.7,4.8,4.2,4.2,4.6
Michigan,2.0,Eq. 80/20 ratio,2.8,2.8,2.7,2.6,2.6,2.7,2.7,2.6,2.5,2.4,2.6
Michigan,3.0,Eq. 90/50 ratio,2.3,2.3,2.3,2.2,2.3,2.3,2.3,2.3,2.3,2.3,2.4
Michigan,4.0,Eq. 50/10 ratio,2.3,2.2,2.2,2.1,2.0,2.0,2.1,2.1,1.8,1.8,1.9
Michigan,5.0,Gini coefficient,0.41,0.4,0.41,0.39,0.38,0.39,0.39,0.4,0.4,0.4,0.4
Michigan,6.0,Top 10% share,32.9,32.2,33.0,33.0,32.4,32.7,32.9,33.3,36.5,34.8,34.4
Michigan,7.0,Bottom 10% share,1.8,2.0,2.0,2.1,2.2,2.1,2.1,2.1,2.1,2.1,2.0
Michigan,8.0,Median (nominal dollars),72582.0,71876.0,73202.0,77804.0,80207.0,80474.0,83263.0,84190.0,86480.0,95386.0,97808.0
Michigan,9.0,Median (constant 2017 dollars),80803.0,78800.0,78936.0,85317.0,87158.0,86808.0,86380.0,85335.0,87540.0,92904.0,90215.0
Michigan,10.0,Mean (nominal dollars),100308.0,99065.0,101240.0,105730.0,108827.0,111495.0,115311.0,117632.0,128155.0,137632.0,137682.0
Michigan,11.0,Mean (constant 2017 dollars),111669.0,108607.0,109170.0,115939.0,118259.0,120270.0,119628.0,119232.0,129726.0,134050.0,126994.0
Minnesota,1.0,Eq. 90/10 ratio,4.8,4.6,4.7,4.9,4.8,4.8,4.6,4.7,4.5,4.0,5.0
Minnesota,2.0,Eq. 80/20 ratio,2.8,2.7,2.7,2.8,2.8,2.8,2.8,2.8,2.6,2.5,2.7
Minnesota,3.0,Eq. 90/50 ratio,2.2,2.2,2.3,2.4,2.4,2.3,2.2,2.3,2.3,2.1,2.4
Minnesota,4.0,Eq. 50/10 ratio,2.2,2.1,2.0,2.1,2.0,2.1,2.0,2.1,1.9,1.9,2.1
Minnesota,5.0,Gini coefficient,0.4,0.4,0.39,0.39,0.39,0.39,0.39,0.39,0.4,0.4,0.4
Minnesota,6.0,Top 10% share,33.6,32.7,32.3,32.4,31.7,32.0,32.1,32.2,34.9,32.0,34.8
Minnesota,7.0,Bottom 10% share,1.9,2.0,2.1,2.1,2.1,2.0,2.1,2.1,2.2,2.2,2.0
Minnesota,8.0,Median (nominal dollars),85535.0,86889.0,91714.0,94968.0,97765.0,99250.0,100495.0,102707.0,108772.0,129188.0,121034.0
Minnesota,9.0,Median (constant 2017 dollars),92904.0,93055.0,96028.0,99888.0,102261.0,102568.0,98898.0,100385.0,106185.0,120457.0,106732.0
Minnesota,10.0,Mean (nominal dollars),118397.0,119572.0,125912.0,129742.0,131278.0,133867.0,137424.0,139863.0,152884.0,172245.0,170695.0
Minnesota,11.0,Mean (constant 2017 dollars),128597.0,128057.0,131835.0,136465.0,137314.0,138342.0,135240.0,136701.0,149248.0,160605.0,150525.0
Mississippi,1.0,Eq. 90/10 ratio,5.5,5.3,5.8,5.5,5.4,5.1,5.1,5.4,4.5,4.5,6.0
Mississippi,2.0,Eq. 80/20 ratio,2.7,2.6,2.7,2.6,2.7,2.7,2.7,2.7,2.4,2.6,2.9
Mississippi,3.0,Eq. 90/50 ratio,2.4,2.3,2.3,2.3,2.3,2.3,2.3,2.4,2.2,2.3,2.3
Mississippi,4.0,Eq. 50/10 ratio,2.3,2.3,2.5,2.4,2.3,2.2,2.2,2.3,2.1,2.0,2.6
Mississippi,5.0,Gini coefficient,0.43,0.42,0.44,0.42,0.42,0.4,0.4,0.4,0.4,0.4,0.4
Mississippi,6.0,Top 10% share,33.2,34.3,35.1,34.4,33.5,32.3,31.4,32.1,33.2,31.9,35.0
Mississippi,7.0,Bottom 10% share,1.7,1.7,1.6,1.6,1.6,1.8,1.8,1.8,2.0,2.0,1.5
Mississippi,8.0,Median (nominal dollars),63556.0,64129.0,64021.0,64779.0,65035.0,67744.0,70324.0,72266.0,77112.0,84586.0,83236.0
Mississippi,9.0,Median (constant 2017 dollars),75950.0,75361.0,74133.0,75456.0,74795.0,77151.0,79979.0,80669.0,86085.0,90016.0,82138.0
Mississippi,10.0,Mean (nominal dollars),88095.0,89721.0,91186.0,91328.0,91136.0,92726.0,94658.0,97989.0,105194.0,112541.0,117315.0
Mississippi,11.0,Mean (constant 2017 dollars),105274.0,105436.0,105589.0,106381.0,104813.0,105601.0,107652.0,109382.0,117435.0,119765.0,115768.0
Missouri,1.0,Eq. 90/10 ratio,5.0,5.0,4.9,4.9,4.8,4.9,5.0,4.7,4.7,4.1,4.9
Missouri,2.0,Eq. 80/20 ratio,2.7,2.8,2.6,2.6,2.6,2.6,2.7,2.7,2.6,2.5,2.6
Missouri,3.0,Eq. 90/50 ratio,2.4,2.4,2.4,2.3,2.3,2.3,2.4,2.3,2.3,2.1,2.2
Missouri,4.0,Eq. 50/10 ratio,2.1,2.1,2.0,2.1,2.1,2.1,2.1,2.0,2.0,1.9,2.2
Missouri,5.0,Gini coefficient,0.42,0.42,0.42,0.4,0.4,0.4,0.41,0.4,0.4,0.4,0.4
Missouri,6.0,Top 10% share,35.3,35.3,35.0,33.1,33.5,33.5,33.8,32.7,34.3,32.3,36.1
Missouri,7.0,Bottom 10% share,1.8,1.9,1.9,2.0,2.0,2.0,1.9,2.0,2.1,2.3,1.7
Missouri,8.0,Median (nominal dollars),67104.0,67472.0,71392.0,77110.0,78919.0,79635.0,82664.0,85675.0,92253.0,99340.0,99946.0
Missouri,9.0,Median (constant 2017 dollars),76775.0,75880.0,78725.0,85866.0,87562.0,86826.0,88249.0,89432.0,95619.0,99069.0,94523.0
Missouri,10.0,Mean (nominal dollars),96718.0,97916.0,102474.0,106690.0,110167.0,112107.0,116154.0,118959.0,129036.0,136881.0,141837.0
Missouri,11.0,Mean (constant 2017 dollars),110658.0,110117.0,113000.0,118804.0,122231.0,122230.0,124002.0,124177.0,133743.0,136507.0,134141.0
Montana,1.0,Eq. 90/10 ratio,5.3,5.6,5.3,5.3,5.1,4.8,4.7,4.7,5.1,4.3,5.2
Montana,2.0,Eq. 80/20 ratio,3.0,3.0,2.9,2.9,2.8,2.8,2.8,2.8,2.7,2.5,2.7
Montana,3.0,Eq. 90/50 ratio,2.4,2.5,2.5,2.5,2.4,2.4,2.4,2.4,2.4,2.1,2.5
Montana,4.0,Eq. 50/10 ratio,2.2,2.2,2.2,2.1,2.1,2.0,2.0,2.0,2.1,2.0,2.1
Montana,5.0,Gini coefficient,0.42,0.42,0.43,0.43,0.42,0.41,0.41,0.42,0.4,0.4,0.4
Montana,6.0,Top 10% share,34.0,32.4,34.6,35.0,33.8,33.5,34.2,35.3,35.7,35.9,37.1
Montana,7.0,Bottom 10% share,1.9,1.9,1.8,1.9,2.0,2.3,2.3,2.3,1.7,2.1,1.9
Montana,8.0,Median (nominal dollars),66472.0,66930.0,68905.0,70650.0,73810.0,77917.0,79793.0,81960.0,84602.0,91884.0,96019.0
Montana,9.0,Median (constant 2017 dollars),75441.0,75235.0,74546.0,76425.0,80006.0,82676.0,84650.0,84014.0,87962.0,92244.0,91667.0
Montana,10.0,Mean (nominal dollars),94784.0,95240.0,100568.0,104362.0,104474.0,110145.0,114229.0,118295.0,124967.0,133002.0,142161.0
Montana,11.0,Mean (constant 2017 dollars),107572.0,107057.0,108803.0,112892.0,113243.0,116872.0,121182.0,121260.0,129929.0,133523.0,135718.0
Nebraska,1.0,Eq. 90/10 ratio,5.2,5.3,5.3,5.6,5.4,5.2,5.3,5.2,5.2,4.8,5.2
Nebraska,2.0,Eq. 80/20 ratio,2.9,2.9,2.9,2.9,2.9,2.8,2.9,2.9,2.7,2.6,2.8
Nebraska,3.0,Eq. 90/50 ratio,2.3,2.3,2.4,2.5,2.4,2.4,2.4,2.4,2.4,2.5,2.4
Nebraska,4.0,Eq. 50/10 ratio,2.3,2.3,2.2,2.3,2.2,2.2,2.2,2.2,2.2,1.9,2.1
Nebraska,5.0,Gini coefficient,0.44,0.44,0.44,0.45,0.44,0.43,0.43,0.43,0.4,0.4,0.5
Nebraska,6.0,Top 10% share,36.9,36.5,37.7,38.3,36.5,35.7,34.9,34.4,35.7,35.6,36.8
Nebraska,7.0,Bottom 10% share,1.8,1.8,1.8,1.7,1.8,1.9,2.0,2.2,1.9,2.0,1.6
Nebraska,8.0,Median (nominal dollars),80415.0,78693.0,79275.0,82997.0,85407.0,89699.0,92689.0,98109.0,97645.0,105301.0,109811.0
Nebraska,9.0,Median (constant 2017 dollars),92136.0,89424.0,88879.0,93475.0,95630.0,99850.0,98858.0,102368.0,100468.0,105063.0,105371.0
Nebraska,10.0,Mean (nominal dollars),117670.0,114764.0,119632.0,125648.0,124109.0,127571.0,132262.0,138571.0,140672.0,156198.0,160300.0
Nebraska,11.0,Mean (constant 2017 dollars),134822.0,130414.0,134124.0,141510.0,138965.0,142009.0,141065.0,144586.0,144739.0,155844.0,153818.0
Nevada,1.0,Eq. 90/10 ratio,6.1,6.3,6.3,6.0,5.4,5.1,5.0,5.3,5.3,4.4,5.1
Nevada,2.0,Eq. 80/20 ratio,3.3,3.3,3.2,3.0,2.9,2.8,2.9,2.9,2.8,2.6,2.9
Nevada,3.0,Eq. 90/50 ratio,2.5,2.6,2.6,2.7,2.5,2.4,2.4,2.5,2.4,2.3,2.5
Nevada,4.0,Eq. 50/10 ratio,2.5,2.4,2.4,2.3,2.2,2.1,2.1,2.1,2.2,1.9,2.0
Nevada,5.0,Gini coefficient,0.46,0.47,0.46,0.46,0.45,0.46,0.46,0.47,0.4,0.4,0.4
Nevada,6.0,Top 10% share,36.4,36.4,36.5,37.3,36.0,37.0,37.8,38.0,36.1,38.5,36.4
Nevada,7.0,Bottom 10% share,1.5,1.5,1.6,1.7,1.8,1.8,1.8,1.8,1.8,2.0,2.1
Nevada,8.0,Median (nominal dollars),71034.0,67418.0,69770.0,74241.0,77610.0,81578.0,85038.0,87926.0,89967.0,102032.0,106989.0
Nevada,9.0,Median (constant 2017 dollars),73961.0,70518.0,72447.0,77395.0,81263.0,81719.0,86626.0,85934.0,88473.0,98111.0,95658.0
Nevada,10.0,Mean (nominal dollars),105547.0,101944.0,103646.0,110696.0,113713.0,122036.0,127794.0,133364.0,132046.0,154623.0,161567.0
Nevada,11.0,Mean (constant 2017 dollars),109896.0,106632.0,107622.0,115399.0,119065.0,122247.0,130180.0,130342.0,129854.0,148680.0,144456.0
New Hampshire,1.0,Eq. 90/10 ratio,4.5,4.8,5.0,5.2,4.8,4.8,4.6,4.7,5.3,4.8,5.0
New Hampshire,2.0,Eq. 80/20 ratio,2.7,2.8,2.8,2.9,2.8,2.8,2.8,2.8,3.0,2.9,3.0
New Hampshire,3.0,Eq. 90/50 ratio,2.1,2.2,2.2,2.3,2.3,2.3,2.3,2.3,2.4,2.2,2.4
New Hampshire,4.0,Eq. 50/10 ratio,2.1,2.2,2.2,2.3,2.1,2.1,2.1,2.0,2.2,2.2,2.1
New Hampshire,5.0,Gini coefficient,0.39,0.39,0.4,0.39,0.38,0.38,0.38,0.39,0.4,0.4,0.4
New Hampshire,6.0,Top 10% share,32.1,31.2,31.7,30.6,31.0,30.6,30.7,31.4,30.5,33.0,35.6
New Hampshire,7.0,Bottom 10% share,2.2,2.2,2.2,2.1,2.1,2.1,2.4,2.4,2.0,2.1,2.1
New Hampshire,8.0,Median (nominal dollars),97090.0,96764.0,99043.0,107112.0,109836.0,112789.0,113844.0,117427.0,122084.0,127562.0,121455.0
New Hampshire,9.0,Median (constant 2017 dollars),99774.0,98238.0,99839.0,105895.0,106286.0,106641.0,107755.0,109101.0,110820.0,114151.0,97232.0
New Hampshire,10.0,Mean (nominal dollars),129338.0,127287.0,131162.0,140201.0,144525.0,149330.0,152463.0,160608.0,163508.0,170589.0,174645.0
New Hampshire,11.0,Mean (constant 2017 dollars),132913.0,129226.0,132216.0,138608.0,139854.0,141190.0,144309.0,149221.0,148423.0,152655.0,139813.0
New Jersey,1.0,Eq. 90/10 ratio,6.1,6.2,6.4,6.2,5.8,6.0,6.2,6.1,4.8,5.3,5.4
New Jersey,2.0,Eq. 80/20 ratio,3.2,3.3,3.2,3.2,3.1,3.2,3.2,3.3,2.8,3.0,3.2
New Jersey,3.0,Eq. 90/50 ratio,2.5,2.6,2.6,2.6,2.6,2.7,2.8,2.7,2.3,2.6,2.4
New Jersey,4.0,Eq. 50/10 ratio,2.4,2.4,2.5,2.4,2.2,2.2,2.2,2.2,2.1,2.1,2.2
New Jersey,5.0,Gini coefficient,0.44,0.45,0.44,0.44,0.45,0.46,0.47,0.46,0.4,0.4,0.4
New Jersey,6.0,Top 10% share,35.9,36.0,36.0,36.0,36.4,37.1,37.9,37.3,35.3,35.8,37.0
New Jersey,7.0,Bottom 10% share,1.7,1.6,1.5,1.6,1.7,1.7,1.6,1.6,2.1,1.8,1.8
New Jersey,8.0,Median (nominal dollars),103508.0,101886.0,104108.0,105698.0,106250.0,108763.0,112896.0,121879.0,132388.0,137541.0,137252.0
New Jersey,9.0,Median (constant 2017 dollars),100067.0,97523.0,98204.0,99672.0,99078.0,99488.0,99597.0,105832.0,114283.0,115528.0,108754.0
New Jersey,10.0,Mean (nominal dollars),150674.0,149837.0,154339.0,158423.0,161150.0,166771.0,176683.0,189250.0,195094.0,199785.0,207427.0
New Jersey,11.0,Mean (constant 2017 dollars),145665.0,143421.0,145586.0,149391.0,150272.0,152549.0,155871.0,164334.0,168414.0,167811.0,164359.0
New Mexico,1.0,Eq. 90/10 ratio,6.5,6.2,5.6,5.2,5.3,5.2,4.9,4.9,4.5,4.5,4.9
New Mexico,2.0,Eq. 80/20 ratio,3.2,3.1,3.0,2.8,2.8,2.8,2.8,2.8,2.6,2.6,2.8
New Mexico,3.0,Eq. 90/50 ratio,2.7,2.8,2.7,2.5,2.4,2.5,2.3,2.4,2.4,2.3,2.5
New Mexico,4.0,Eq. 50/10 ratio,2.4,2.2,2.1,2.1,2.2,2.1,2.1,2.0,1.9,2.0,1.9
New Mexico,5.0,Gini coefficient,0.45,0.44,0.44,0.42,0.42,0.42,0.43,0.42,0.4,0.4,0.4
New Mexico,6.0,Top 10% share,35.1,34.6,34.7,32.2,32.5,32.9,35.1,34.2,30.2,30.9,30.9
New Mexico,7.0,Bottom 10% share,1.5,1.7,1.9,2.0,1.9,2.0,2.0,2.2,2.5,2.1,2.2
New Mexico,8.0,Median (nominal dollars),64227.0,62196.0,65673.0,69902.0,73531.0,72942.0,73733.0,78410.0,89914.0,93405.0,94688.0
New Mexico,9.0,Median (constant 2017 dollars),70417.0,67952.0,70829.0,75296.0,79210.0,76204.0,78858.0,81480.0,93618.0,95413.0,89687.0
New Mexico,10.0,Mean (nominal dollars),93883.0,89413.0,94195.0,96678.0,99954.0,101585.0,105106.0,109641.0,116985.0,125559.0,126746.0
New Mexico,11.0,Mean (constant 2017 dollars),102932.0,97690.0,101590.0,104137.0,107673.0,106127.0,112412.0,113933.0,121803.0,128258.0,120051.0
New York,1.0,Eq. 90/10 ratio,5.4,5.3,5.5,5.5,5.6,5.4,5.7,5.5,5.0,5.0,5.1
New York,2.0,Eq. 80/20 ratio,3.0,3.0,3.0,3.0,3.1,3.0,3.1,3.0,2.8,2.9,2.9
New York,3.0,Eq. 90/50 ratio,2.6,2.6,2.6,2.6,2.6,2.6,2.6,2.6,2.6,2.4,2.4
New York,4.0,Eq. 50/10 ratio,2.1,2.1,2.1,2.1,2.1,2.1,2.2,2.1,2.0,2.1,2.1
New York,5.0,Gini coefficient,0.48,0.47,0.47,0.46,0.47,0.47,0.48,0.47,0.4,0.5,0.5
New York,6.0,Top 10% share,39.8,39.6,39.1,38.7,39.5,40.2,40.4,39.1,37.0,37.3,38.4
New York,7.0,Bottom 10% share,1.6,1.6,1.7,1.8,1.8,1.8,1.7,1.8,2.1,1.8,1.8
New York,8.0,Median (nominal dollars),85593.0,86247.0,88436.0,94284.0,96441.0,101461.0,103946.0,110171.0,125023.0,130814.0,125308.0
New York,9.0,Median (constant 2017 dollars),82511.0,82015.0,83574.0,88360.0,89093.0,92283.0,92950.0,97140.0,108498.0,109415.0,100358.0
New York,10.0,Mean (nominal dollars),135833.0,136518.0,140104.0,145952.0,150521.0,160180.0,167263.0,174386.0,189333.0,195050.0,189944.0
New York,11.0,Mean (constant 2017 dollars),130942.0,129820.0,132402.0,136782.0,139052.0,145691.0,149569.0,153760.0,164307.0,163144.0,152124.0
North Carolina,1.0,Eq. 90/10 ratio,5.3,5.4,5.9,5.7,5.7,5.8,5.7,5.7,5.3,4.5,5.7
North Carolina,2.0,Eq. 80/20 ratio,2.9,2.9,2.9,2.9,2.9,3.0,2.9,3.0,3.0,2.6,2.8
North Carolina,3.0,Eq. 90/50 ratio,2.5,2.5,2.5,2.5,2.5,2.5,2.5,2.5,2.4,2.2,2.6
North Carolina,4.0,Eq. 50/10 ratio,2.1,2.2,2.3,2.3,2.3,2.3,2.3,2.3,2.2,2.0,2.2
North Carolina,5.0,Gini coefficient,0.43,0.42,0.43,0.42,0.43,0.43,0.43,0.43,0.4,0.4,0.4
North Carolina,6.0,Top 10% share,34.9,34.1,34.8,34.6,34.5,34.3,34.7,34.5,32.8,34.0,36.3
North Carolina,7.0,Bottom 10% share,1.9,1.9,1.6,1.7,1.8,1.8,1.8,1.8,2.0,2.2,1.6
North Carolina,8.0,Median (nominal dollars),68951.0,67607.0,68547.0,70952.0,72881.0,74549.0,76782.0,79273.0,88272.0,96877.0,92752.0
North Carolina,9.0,Median (constant 2017 dollars),78032.0,75345.0,75254.0,77948.0,79079.0,80112.0,80979.0,83319.0,92343.0,94787.0,84847.0
North Carolina,10.0,Mean (nominal dollars),98967.0,95990.0,100046.0,104273.0,106788.0,108737.0,111064.0,114739.0,121867.0,134695.0,139542.0
North Carolina,11.0,Mean (constant 2017 dollars),112002.0,106976.0,109834.0,114555.0,115870.0,116851.0,117134.0,120595.0,127487.0,131789.0,127649.0
North Dakota,1.0,Eq. 90/10 ratio,5.3,5.2,5.4,5.2,5.3,5.4,5.1,5.0,5.2,4.7,4.3
North Dakota,2.0,Eq. 80/20 ratio,3.0,3.0,3.0,3.0,2.9,2.9,2.9,2.8,2.8,2.7,2.6
North Dakota,3.0,Eq. 90/50 ratio,2.3,2.3,2.4,2.3,2.4,2.4,2.3,2.3,2.3,2.2,2.0
North Dakota,4.0,Eq. 50/10 ratio,2.3,2.2,2.2,2.2,2.2,2.2,2.2,2.2,2.2,2.1,2.1
North Dakota,5.0,Gini coefficient,0.47,0.45,0.44,0.42,0.43,0.44,0.43,0.41,0.4,0.4,0.4
North Dakota,6.0,Top 10% share,38.5,36.4,34.7,33.6,33.8,33.8,34.2,33.2,36.0,37.5,40.0
North Dakota,7.0,Bottom 10% share,1.7,1.8,1.8,1.9,1.8,1.8,1.8,1.9,1.9,1.8,2.0
North Dakota,8.0,Median (nominal dollars),92470.0,90618.0,96338.0,91077.0,87621.0,87463.0,96094.0,99332.0,100927.0,106636.0,114124.0
North Dakota,9.0,Median (constant 2017 dollars),106243.0,102449.0,107148.0,102663.0,97212.0,98599.0,103239.0,102895.0,104904.0,107569.0,110931.0
North Dakota,10.0,Mean (nominal dollars),137405.0,132538.0,137810.0,127718.0,121858.0,122931.0,133190.0,136657.0,147410.0,155607.0,168965.0
North Dakota,11.0,Mean (constant 2017 dollars),157871.0,149842.0,153274.0,143965.0,135197.0,138582.0,143093.0,141559.0,153218.0,156969.0,164237.0
Ohio,1.0,Eq. 90/10 ratio,5.2,5.4,5.6,5.7,5.3,5.0,4.8,4.8,4.8,4.3,4.8
Ohio,2.0,Eq. 80/20 ratio,2.8,2.8,2.9,2.9,2.9,2.8,2.7,2.7,2.7,2.6,2.8
Ohio,3.0,Eq. 90/50 ratio,2.3,2.4,2.4,2.5,2.4,2.3,2.4,2.3,2.4,2.3,2.5
Ohio,4.0,Eq. 50/10 ratio,2.2,2.2,2.3,2.3,2.2,2.1,2.0,2.0,2.0,1.9,1.9
Ohio,5.0,Gini coefficient,0.41,0.42,0.41,0.41,0.41,0.41,0.41,0.4,0.4,0.4,0.4
Ohio,6.0,Top 10% share,32.9,33.9,33.6,33.0,32.8,33.0,33.7,33.2,32.2,33.4,33.3
Ohio,7.0,Bottom 10% share,1.8,1.7,1.7,1.7,1.8,2.0,2.1,2.2,2.3,2.2,2.0
Ohio,8.0,Median (nominal dollars),70716.0,70605.0,72595.0,76851.0,79398.0,83331.0,85950.0,88738.0,94760.0,98624.0,97463.0
Ohio,9.0,Median (constant 2017 dollars),80403.0,79022.0,80318.0,85603.0,87421.0,90638.0,90631.0,91923.0,98519.0,98192.0,91841.0
Ohio,10.0,Mean (nominal dollars),99314.0,99824.0,102862.0,107190.0,109888.0,115040.0,119528.0,123648.0,128945.0,137471.0,137336.0
Ohio,11.0,Mean (constant 2017 dollars),112919.0,111723.0,113804.0,119395.0,120993.0,125128.0,126038.0,128086.0,134060.0,136869.0,129414.0
Oklahoma,1.0,Eq. 90/10 ratio,5.9,5.9,5.8,5.8,6.0,5.9,5.8,5.6,5.5,4.8,6.4
Oklahoma,2.0,Eq. 80/20 ratio,3.0,3.0,3.1,3.0,3.0,3.0,3.0,2.9,3.0,2.7,2.9
Oklahoma,3.0,Eq. 90/50 ratio,2.5,2.5,2.5,2.5,2.5,2.6,2.6,2.5,2.5,2.4,2.5
Oklahoma,4.0,Eq. 50/10 ratio,2.3,2.4,2.3,2.3,2.4,2.3,2.2,2.2,2.2,2.0,2.5
Oklahoma,5.0,Gini coefficient,0.48,0.49,0.49,0.47,0.45,0.46,0.45,0.44,0.5,0.4,0.5
Oklahoma,6.0,Top 10% share,38.6,39.2,40.0,38.5,36.9,36.6,35.5,34.9,35.1,37.7,38.5
Oklahoma,7.0,Bottom 10% share,1.7,1.6,1.5,1.5,1.6,1.7,1.8,1.9,1.6,2.0,1.6
Oklahoma,8.0,Median (nominal dollars),70538.0,73101.0,76572.0,74369.0,70559.0,74257.0,79307.0,84182.0,86540.0,93915.0,96207.0
Oklahoma,9.0,Median (constant 2017 dollars),81836.0,83444.0,85904.0,83692.0,78478.0,81677.0,86680.0,91059.0,92245.0,95838.0,93394.0
Oklahoma,10.0,Mean (nominal dollars),106058.0,112376.0,119222.0,114119.0,105765.0,110161.0,116323.0,121713.0,126160.0,137466.0,143178.0
Oklahoma,11.0,Mean (constant 2017 dollars),123044.0,128276.0,133752.0,128426.0,117634.0,121168.0,127137.0,131656.0,134477.0,140280.0,138992.0
Oregon,1.0,Eq. 90/10 ratio,5.3,5.4,5.1,4.7,4.9,5.1,5.0,4.8,4.4,3.7,4.7
Oregon,2.0,Eq. 80/20 ratio,3.0,3.0,2.9,2.8,2.8,2.9,3.0,2.9,2.5,2.3,2.6
Oregon,3.0,Eq. 90/50 ratio,2.4,2.4,2.4,2.3,2.4,2.5,2.5,2.5,2.2,2.1,2.3
Oregon,4.0,Eq. 50/10 ratio,2.2,2.3,2.2,2.0,2.0,2.0,2.0,2.0,2.0,1.8,2.0
Oregon,5.0,Gini coefficient,0.4,0.4,0.4,0.4,0.4,0.4,0.41,0.41,0.4,0.4,0.4
Oregon,6.0,Top 10% share,30.6,30.2,31.2,31.1,32.2,32.0,33.0,34.0,32.5,32.1,32.5
Oregon,7.0,Bottom 10% share,1.9,1.8,1.9,2.0,2.2,2.1,2.1,2.1,2.3,2.6,2.0
Oregon,8.0,Median (nominal dollars),74005.0,75277.0,79693.0,84821.0,83477.0,84591.0,86892.0,89943.0,103447.0,109540.0,116213.0
Oregon,9.0,Median (constant 2017 dollars),77424.0,78478.0,82264.0,86190.0,85279.0,83353.0,81322.0,83671.0,95820.0,97471.0,93977.0
Oregon,10.0,Mean (nominal dollars),99161.0,98814.0,104595.0,111518.0,114063.0,116546.0,121230.0,128411.0,142942.0,148580.0,157551.0
Oregon,11.0,Mean (constant 2017 dollars),103741.0,103016.0,107969.0,113318.0,116526.0,114839.0,113459.0,119457.0,132404.0,132210.0,127406.0
Pennsylvania,1.0,Eq. 90/10 ratio,5.0,5.1,5.2,5.0,4.7,4.9,4.9,4.8,4.5,4.3,4.6
Pennsylvania,2.0,Eq. 80/20 ratio,2.8,2.8,2.8,2.7,2.7,2.8,2.7,2.7,2.5,2.5,2.6
Pennsylvania,3.0,Eq. 90/50 ratio,2.3,2.3,2.4,2.4,2.4,2.4,2.4,2.4,2.3,2.3,2.3
Pennsylvania,4.0,Eq. 50/10 ratio,2.2,2.2,2.2,2.1,2.0,2.0,2.0,2.0,1.9,1.9,2.0
Pennsylvania,5.0,Gini coefficient,0.42,0.41,0.42,0.41,0.41,0.42,0.42,0.42,0.4,0.4,0.4
Pennsylvania,6.0,Top 10% share,34.3,33.7,34.1,34.1,34.5,35.4,35.5,34.9,34.1,33.5,35.7
Pennsylvania,7.0,Bottom 10% share,1.9,1.9,1.9,2.0,2.1,2.0,2.0,2.0,2.3,2.3,1.9
Pennsylvania,8.0,Median (nominal dollars),78968.0,80013.0,83603.0,86965.0,89750.0,90396.0,95433.0,99763.0,112205.0,111945.0,104808.0
Pennsylvania,9.0,Median (constant 2017 dollars),85217.0,85366.0,88515.0,91013.0,93356.0,91195.0,95298.0,98308.0,109769.0,106796.0,93869.0
Pennsylvania,10.0,Mean (nominal dollars),111696.0,111796.0,116994.0,122784.0,127525.0,130961.0,137392.0,141107.0,153155.0,160787.0,155208.0
Pennsylvania,11.0,Mean (constant 2017 dollars),120535.0,119276.0,123868.0,128499.0,132649.0,132119.0,137197.0,139049.0,149830.0,153392.0,139008.0
Rhode Island,1.0,Eq. 90/10 ratio,5.1,5.3,4.8,4.8,5.0,5.3,5.2,5.1,4.5,4.2,5.1
Rhode Island,2.0,Eq. 80/20 ratio,2.9,2.9,2.7,2.7,2.8,2.8,2.8,2.9,2.6,2.4,2.7
Rhode Island,3.0,Eq. 90/50 ratio,2.5,2.5,2.4,2.3,2.4,2.4,2.5,2.4,2.2,2.2,2.5
Rhode Island,4.0,Eq. 50/10 ratio,2.1,2.1,2.0,2.1,2.1,2.2,2.1,2.1,2.0,1.9,2.1
Rhode Island,5.0,Gini coefficient,0.42,0.42,0.41,0.41,0.41,0.41,0.41,0.41,0.4,0.4,0.4
Rhode Island,6.0,Top 10% share,33.6,33.5,33.0,33.3,33.1,33.5,33.0,33.3,29.8,32.5,33.1
Rhode Island,7.0,Bottom 10% share,2.0,2.0,2.1,2.0,1.9,1.8,1.9,2.0,2.3,2.5,2.4
Rhode Island,8.0,Median (nominal dollars),77864.0,79185.0,82954.0,85255.0,84948.0,88728.0,91608.0,98062.0,107144.0,114010.0,115225.0
Rhode Island,9.0,Median (constant 2017 dollars),82420.0,81419.0,85041.0,85755.0,84965.0,86585.0,87944.0,92562.0,100594.0,102461.0,94838.0
Rhode Island,10.0,Mean (nominal dollars),112275.0,113064.0,116679.0,117818.0,117060.0,122714.0,128648.0,136532.0,140273.0,154012.0,159388.0
Rhode Island,11.0,Mean (constant 2017 dollars),118845.0,116254.0,119615.0,118510.0,117083.0,119749.0,123503.0,128875.0,131698.0,138410.0,131187.0
South Carolina,1.0,Eq. 90/10 ratio,5.5,5.2,5.1,5.3,5.7,5.6,5.4,5.6,4.5,4.0,5.1
South Carolina,2.0,Eq. 80/20 ratio,2.9,2.8,2.8,2.8,2.9,2.9,2.8,2.8,2.5,2.4,2.8
South Carolina,3.0,Eq. 90/50 ratio,2.5,2.3,2.3,2.4,2.4,2.4,2.4,2.4,2.1,2.1,2.3
South Carolina,4.0,Eq. 50/10 ratio,2.2,2.3,2.2,2.3,2.4,2.3,2.2,2.3,2.1,1.9,2.2
South Carolina,5.0,Gini coefficient,0.41,0.41,0.41,0.43,0.43,0.43,0.43,0.42,0.4,0.4,0.4
South Carolina,6.0,Top 10% share,32.8,32.2,33.2,33.9,34.6,34.7,34.3,33.6,32.1,33.4,34.6
South Carolina,7.0,Bottom 10% share,1.9,1.9,1.8,1.7,1.6,1.6,1.7,1.6,2.3,2.5,1.9
South Carolina,8.0,Median (nominal dollars),66818.0,66675.0,68353.0,69504.0,70006.0,72387.0,75914.0,80043.0,84212.0,97474.0,89117.0
South Carolina,9.0,Median (constant 2017 dollars),75708.0,74644.0,75516.0,76572.0,76091.0,77946.0,80631.0,84481.0,88549.0,95502.0,82091.0
South Carolina,10.0,Mean (nominal dollars),91147.0,89563.0,93306.0,97618.0,99795.0,103722.0,107001.0,111692.0,113334.0,131848.0,129079.0
South Carolina,11.0,Mean (constant 2017 dollars),103274.0,100268.0,103083.0,107546.0,108469.0,111688.0,113650.0,117884.0,119171.0,129180.0,118902.0
South Dakota,1.0,Eq. 90/10 ratio,5.4,5.2,5.2,5.2,5.4,5.2,5.2,5.1,4.9,4.2,4.5
South Dakota,2.0,Eq. 80/20 ratio,2.9,2.9,2.8,3.0,3.0,2.9,2.9,2.8,2.7,2.5,2.4
South Dakota,3.0,Eq. 90/50 ratio,2.3,2.3,2.4,2.4,2.4,2.4,2.4,2.4,2.4,2.0,2.2
South Dakota,4.0,Eq. 50/10 ratio,2.3,2.2,2.2,2.1,2.2,2.1,2.2,2.1,2.1,2.0,2.0
South Dakota,5.0,Gini coefficient,0.46,0.46,0.47,0.47,0.46,0.46,0.47,0.47,0.4,0.4,0.5
South Dakota,6.0,Top 10% share,38.4,38.5,39.7,39.8,39.6,37.4,38.1,37.9,36.8,37.8,45.2
South Dakota,7.0,Bottom 10% share,1.6,1.6,1.5,1.7,1.8,2.0,1.9,1.9,2.0,2.0,1.9
South Dakota,8.0,Median (nominal dollars),74119.0,75095.0,74795.0,76057.0,76141.0,83016.0,85095.0,91029.0,96450.0,107813.0,94484.0
South Dakota,9.0,Median (constant 2017 dollars),86749.0,86859.0,86096.0,88938.0,88652.0,95119.0,91381.0,95731.0,100858.0,109814.0,92534.0
South Dakota,10.0,Mean (nominal dollars),110660.0,110374.0,113414.0,116280.0,117133.0,122368.0,128961.0,135799.0,143718.0,155847.0,162351.0
South Dakota,11.0,Mean (constant 2017 dollars),129518.0,127665.0,130551.0,135974.0,136380.0,140210.0,138487.0,142813.0,150285.0,158739.0,159000.0
Tennessee,1.0,Eq. 90/10 ratio,5.4,5.4,5.8,6.0,6.1,5.6,5.2,5.2,4.9,4.1,4.8
Tennessee,2.0,Eq. 80/20 ratio,2.9,2.9,3.0,2.9,2.9,2.8,2.7,2.7,2.8,2.5,2.6
Tennessee,3.0,Eq. 90/50 ratio,2.4,2.4,2.5,2.5,2.6,2.5,2.4,2.5,2.5,2.3,2.4
Tennessee,4.0,Eq. 50/10 ratio,2.2,2.3,2.3,2.4,2.4,2.2,2.2,2.1,2.0,1.8,2.0
Tennessee,5.0,Gini coefficient,0.43,0.43,0.44,0.44,0.44,0.46,0.45,0.45,0.4,0.4,0.4
Tennessee,6.0,Top 10% share,35.4,34.3,36.0,36.6,36.9,37.1,36.8,37.2,35.8,36.9,37.5
Tennessee,7.0,Bottom 10% share,1.7,1.7,1.6,1.6,1.5,1.7,1.8,1.9,2.0,2.3,1.9
Tennessee,8.0,Median (nominal dollars),67976.0,68627.0,67106.0,68798.0,70838.0,74689.0,78970.0,82525.0,83290.0,93317.0,91146.0
Tennessee,9.0,Median (constant 2017 dollars),77019.0,77090.0,74498.0,76213.0,76854.0,80247.0,86310.0,87345.0,87895.0,94496.0,85564.0
Tennessee,10.0,Mean (nominal dollars),96176.0,94581.0,96586.0,100576.0,104389.0,110002.0,116376.0,122925.0,124595.0,135810.0,138293.0
Tennessee,11.0,Mean (constant 2017 dollars),108970.0,106245.0,107226.0,111416.0,113255.0,118188.0,127194.0,130104.0,131483.0,137526.0,129825.0
Texas,1.0,Eq. 90/10 ratio,6.5,6.2,6.2,6.2,6.1,6.0,6.1,6.0,5.6,5.2,6.1
Texas,2.0,Eq. 80/20 ratio,3.4,3.3,3.3,3.3,3.2,3.2,3.1,3.1,2.9,2.8,3.0
Texas,3.0,Eq. 90/50 ratio,2.7,2.6,2.7,2.7,2.7,2.7,2.7,2.6,2.5,2.5,2.6
Texas,4.0,Eq. 50/10 ratio,2.4,2.4,2.3,2.3,2.3,2.2,2.3,2.3,2.2,2.1,2.4
Texas,5.0,Gini coefficient,0.49,0.49,0.49,0.47,0.46,0.47,0.48,0.48,0.5,0.5,0.5
Texas,6.0,Top 10% share,39.6,38.9,38.9,37.6,36.5,37.8,38.4,38.1,37.5,37.3,39.5
Texas,7.0,Bottom 10% share,1.5,1.7,1.6,1.6,1.6,1.6,1.6,1.6,1.7,1.7,1.5
Texas,8.0,Median (nominal dollars),77542.0,79138.0,83166.0,84654.0,84414.0,87220.0,91167.0,95901.0,102820.0,109100.0,112158.0
Texas,9.0,Median (constant 2017 dollars),84003.0,84269.0,87056.0,88578.0,87619.0,89574.0,91400.0,94111.0,99451.0,101697.0,99119.0
Texas,10.0,Mean (nominal dollars),122162.0,122294.0,128878.0,129073.0,127032.0,134670.0,141454.0,147147.0,152055.0,161456.0,168762.0
Texas,11.0,Mean (constant 2017 dollars),132341.0,130223.0,134906.0,135056.0,131854.0,138304.0,141814.0,144400.0,147073.0,150499.0,149143.0
Utah,1.0,Eq. 90/10 ratio,5.0,5.1,5.2,5.0,5.1,5.0,5.0,4.8,4.5,4.8,4.6
Utah,2.0,Eq. 80/20 ratio,2.8,2.9,2.9,2.9,2.8,2.7,2.6,2.7,2.6,2.7,2.6
Utah,3.0,Eq. 90/50 ratio,2.4,2.4,2.3,2.3,2.3,2.3,2.4,2.3,2.2,2.4,2.3
Utah,4.0,Eq. 50/10 ratio,2.1,2.2,2.2,2.2,2.2,2.2,2.1,2.1,2.0,2.0,2.0
Utah,5.0,Gini coefficient,0.43,0.42,0.4,0.41,0.42,0.42,0.42,0.42,0.4,0.4,0.4
Utah,6.0,Top 10% share,33.2,32.3,32.0,33.3,35.2,36.0,35.9,35.5,33.8,32.7,36.7
Utah,7.0,Bottom 10% share,2.2,2.2,2.0,2.1,1.9,2.0,2.0,2.2,2.1,2.1,2.5
Utah,8.0,Median (nominal dollars),79160.0,81988.0,85511.0,89805.0,88474.0,91135.0,95962.0,103725.0,110411.0,124349.0,123141.0
Utah,9.0,Median (constant 2017 dollars),84223.0,86837.0,89904.0,94514.0,92724.0,92328.0,97979.0,103050.0,110777.0,120605.0,112327.0
Utah,10.0,Mean (nominal dollars),109757.0,113380.0,116872.0,122865.0,124659.0,130041.0,138979.0,149447.0,155207.0,172432.0,181519.0
Utah,11.0,Mean (constant 2017 dollars),116777.0,120086.0,122876.0,129307.0,130648.0,131743.0,141899.0,148475.0,155721.0,167239.0,165579.0
Vermont,1.0,Eq. 90/10 ratio,4.2,4.0,4.0,4.0,4.1,4.3,4.4,4.6,4.0,4.0,4.3
Vermont,2.0,Eq. 80/20 ratio,2.5,2.4,2.4,2.4,2.4,2.5,2.5,2.7,2.4,2.5,2.4
Vermont,3.0,Eq. 90/50 ratio,2.2,2.2,2.2,2.2,2.2,2.3,2.3,2.3,2.2,2.1,2.2
Vermont,4.0,Eq. 50/10 ratio,2.0,1.9,1.8,1.8,1.8,1.9,1.9,2.0,1.9,1.9,1.9
Vermont,5.0,Gini coefficient,0.37,0.36,0.36,0.37,0.37,0.39,0.38,0.39,0.4,0.4,0.4
Vermont,6.0,Top 10% share,30.0,29.9,30.5,30.7,31.4,32.5,31.8,31.4,34.3,33.9,35.4
Vermont,7.0,Bottom 10% share,2.5,2.6,2.6,2.5,2.5,2.4,2.3,2.2,2.3,2.3,2.3
Vermont,8.0,Median (nominal dollars),83355.0,83721.0,85429.0,86692.0,86649.0,87512.0,92360.0,97225.0,94080.0,100550.0,101452.0
Vermont,9.0,Median (constant 2017 dollars),88131.0,86976.0,89687.0,88957.0,89657.0,87165.0,90292.0,94328.0,88040.0,93546.0,86479.0
Vermont,10.0,Mean (nominal dollars),107342.0,108465.0,111944.0,114618.0,115565.0,119614.0,123872.0,129264.0,132181.0,138283.0,142553.0
Vermont,11.0,Mean (constant 2017 dollars),113492.0,112683.0,117524.0,117613.0,119576.0,119140.0,121098.0,125412.0,123695.0,128651.0,121514.0
Virginia,1.0,Eq. 90/10 ratio,6.4,6.0,6.0,6.3,6.6,6.6,6.2,6.1,4.7,4.8,5.3
Virginia,2.0,Eq. 80/20 ratio,3.3,3.3,3.3,3.4,3.5,3.4,3.3,3.3,2.8,2.8,3.0
Virginia,3.0,Eq. 90/50 ratio,2.5,2.5,2.5,2.6,2.7,2.7,2.7,2.7,2.4,2.4,2.5
Virginia,4.0,Eq. 50/10 ratio,2.5,2.4,2.4,2.4,2.5,2.4,2.3,2.3,2.0,2.0,2.1
Virginia,5.0,Gini coefficient,0.44,0.42,0.42,0.43,0.44,0.44,0.44,0.43,0.4,0.4,0.4
Virginia,6.0,Top 10% share,34.2,32.4,32.5,33.2,34.0,34.5,34.1,33.6,32.2,34.0,33.4
Virginia,7.0,Bottom 10% share,1.6,1.8,1.8,1.6,1.4,1.5,1.7,1.9,2.4,2.0,1.9
Virginia,8.0,Median (nominal dollars),91958.0,91785.0,94295.0,95081.0,95217.0,96925.0,99625.0,103715.0,111270.0,121904.0,122469.0
Virginia,9.0,Median (constant 2017 dollars),94930.0,92575.0,93848.0,94333.0,94236.0,95712.0,95695.0,100087.0,105262.0,109292.0,103329.0
Virginia,10.0,Mean (nominal dollars),130163.0,127439.0,130527.0,134649.0,136758.0,140485.0,144782.0,150187.0,157346.0,170930.0,173650.0
Virginia,11.0,Mean (constant 2017 dollars),134369.0,128536.0,129907.0,133590.0,135349.0,138727.0,139072.0,144933.0,148850.0,153246.0,146512.0
Washington,1.0,Eq. 90/10 ratio,5.7,5.9,5.7,5.8,5.7,5.7,5.8,5.5,4.7,4.7,5.4
Washington,2.0,Eq. 80/20 ratio,3.1,3.3,3.3,3.3,3.2,3.1,3.1,3.1,2.8,2.7,3.1
Washington,3.0,Eq. 90/50 ratio,2.5,2.5,2.6,2.5,2.6,2.5,2.5,2.5,2.3,2.2,2.5
Washington,4.0,Eq. 50/10 ratio,2.3,2.3,2.2,2.3,2.2,2.3,2.4,2.2,2.0,2.1,2.2
Washington,5.0,Gini coefficient,0.44,0.45,0.45,0.45,0.44,0.44,0.44,0.43,0.4,0.4,0.5
Washington,6.0,Top 10% share,33.8,34.8,35.2,36.0,35.5,36.0,35.5,34.8,33.1,33.8,37.2
Washington,7.0,Bottom 10% share,2.0,1.9,1.8,1.8,1.8,1.8,1.7,1.9,2.3,2.0,1.9
Washington,8.0,Median (nominal dollars),86224.0,86001.0,90068.0,92452.0,97547.0,104381.0,110000.0,117604.0,122729.0,134211.0,128013.0
Washington,9.0,Median (constant 2017 dollars),88977.0,87643.0,89290.0,91063.0,94026.0,97143.0,100625.0,105207.0,108825.0,113141.0,100425.0
Washington,10.0,Mean (nominal dollars),122097.0,123995.0,131485.0,136147.0,140622.0,147762.0,156114.0,165060.0,170855.0,185079.0,192297.0
Washington,11.0,Mean (constant 2017 dollars),125995.0,126362.0,130350.0,134101.0,135547.0,137516.0,142808.0,147661.0,151500.0,156023.0,150856.0
West Virginia,1.0,Eq. 90/10 ratio,5.1,4.8,5.2,5.0,5.1,4.7,4.8,4.7,3.9,4.0,4.4
West Virginia,2.0,Eq. 80/20 ratio,2.6,2.6,2.6,2.6,2.5,2.5,2.6,2.6,2.4,2.5,2.5
West Virginia,3.0,Eq. 90/50 ratio,2.3,2.2,2.4,2.4,2.3,2.3,2.3,2.3,2.1,2.2,2.2
West Virginia,4.0,Eq. 50/10 ratio,2.2,2.1,2.2,2.1,2.2,2.0,2.1,2.1,1.9,1.8,2.0
West Virginia,5.0,Gini coefficient,0.39,0.39,0.39,0.39,0.39,0.38,0.39,0.39,0.4,0.4,0.4
West Virginia,6.0,Top 10% share,31.7,31.1,31.1,30.8,31.3,31.5,31.4,31.2,30.4,30.8,32.2
West Virginia,7.0,Bottom 10% share,2.0,1.9,1.9,2.1,2.1,2.2,2.1,2.2,2.7,2.6,2.3
West Virginia,8.0,Median (nominal dollars),62954.0,62612.0,63606.0,65015.0,65352.0,69414.0,73588.0,78147.0,79927.0,86249.0,87622.0
West Virginia,9.0,Median (constant 2017 dollars),74600.0,72472.0,72902.0,73805.0,74049.0,77971.0,80638.0,85254.0,87463.0,86975.0,84608.0
West Virginia,10.0,Mean (nominal dollars),84214.0,83642.0,86897.0,89233.0,89091.0,93882.0,99098.0,103027.0,106955.0,116881.0,120972.0
West Virginia,11.0,Mean (constant 2017 dollars),99794.0,96814.0,99597.0,101298.0,100947.0,105454.0,108591.0,112397.0,117039.0,117864.0,116811.0
Wisconsin,1.0,Eq. 90/10 ratio,4.8,4.7,4.7,4.7,4.9,4.9,4.4,4.3,4.0,4.7,4.0
Wisconsin,2.0,Eq. 80/20 ratio,2.7,2.7,2.6,2.6,2.7,2.7,2.6,2.5,2.4,2.6,2.3
Wisconsin,3.0,Eq. 90/50 ratio,2.2,2.2,2.2,2.2,2.3,2.3,2.2,2.2,2.1,2.3,2.1
Wisconsin,4.0,Eq. 50/10 ratio,2.2,2.2,2.2,2.1,2.2,2.1,2.0,2.0,1.9,2.1,1.9
Wisconsin,5.0,Gini coefficient,0.4,0.4,0.41,0.4,0.41,0.4,0.39,0.38,0.4,0.4,0.4
Wisconsin,6.0,Top 10% share,32.5,32.3,32.9,32.7,32.7,32.6,32.7,32.4,30.9,33.0,34.6
Wisconsin,7.0,Bottom 10% share,2.0,2.1,2.0,2.0,1.9,1.9,2.1,2.3,2.5,2.1,2.0
Wisconsin,8.0,Median (nominal dollars),78367.0,78857.0,80504.0,82581.0,83033.0,85055.0,89225.0,92701.0,99209.0,101344.0,103237.0
Wisconsin,9.0,Median (constant 2017 dollars),87857.0,87669.0,88339.0,90955.0,90614.0,90929.0,93065.0,94837.0,102340.0,99737.0,96376.0
Wisconsin,10.0,Mean (nominal dollars),104902.0,105488.0,108396.0,112076.0,113420.0,117716.0,122966.0,127450.0,131387.0,138629.0,143691.0
Wisconsin,11.0,Mean (constant 2017 dollars),117606.0,117276.0,118945.0,123440.0,123775.0,125845.0,128258.0,130387.0,135533.0,136431.0,134141.0
Wyoming,1.0,Eq. 90/10 ratio,5.9,5.9,6.0,5.6,5.7,5.7,5.7,5.7,5.6,5.1,5.7
Wyoming,2.0,Eq. 80/20 ratio,3.0,3.1,3.0,2.9,3.0,3.0,3.0,3.1,2.9,2.9,2.7
Wyoming,3.0,Eq. 90/50 ratio,2.4,2.3,2.4,2.3,2.4,2.4,2.4,2.4,2.3,2.4,2.5
Wyoming,4.0,Eq. 50/10 ratio,2.4,2.5,2.5,2.4,2.4,2.3,2.3,2.3,2.4,2.1,2.2
Wyoming,5.0,Gini coefficient,0.49,0.47,0.49,0.48,0.48,0.48,0.48,0.48,0.5,0.5,0.5
Wyoming,6.0,Top 10% share,40.3,38.3,40.1,40.0,39.5,40.3,39.0,40.1,41.1,41.9,42.8
Wyoming,7.0,Bottom 10% share,1.5,1.5,1.5,1.6,1.7,1.6,1.6,1.6,1.5,1.8,1.6
Wyoming,8.0,Median (nominal dollars),86936.0,86669.0,87956.0,88299.0,84587.0,88334.0,95286.0,98211.0,101132.0,109623.0,111641.0
Wyoming,9.0,Median (constant 2017 dollars),95512.0,92951.0,92959.0,93583.0,88047.0,90893.0,101114.0,100817.0,105256.0,109927.0,104683.0
Wyoming,10.0,Mean (nominal dollars),132651.0,127605.0,134192.0,135109.0,129384.0,136852.0,143918.0,150526.0,157031.0,170648.0,180458.0
Wyoming,11.0,Mean (constant 2017 dollars),145737.0,136853.0,141824.0,143195.0,134677.0,140816.0,152721.0,154521.0,163434.0,171121.0,169211.0
,,,,,,,,,,,,,
,,,,,,,,,,,,,
,,,,,,,,,,,,,
,,,,,,,,,,,,,
,,,,,,,,,,,,,
,,,,,,,,,,,,,
,,,,,,,,,,,,,
,,,,,,,,,,,,,
,,,,,,,,,,,,,
,,,,,,,,,,,,,
,,,,,,,,,,,,,
,,,,,,,,,,,,,
,,,,,,,,,,,,,
,,,,,,,,,,,,,
,,,,,,,,,,,,,
